{
  "card_winrate": {
    "basic_01_qian": 0.549,
    "basic_02_kun": 0.431,
    "basic_03_tun": 0.58,
    "basic_04_meng": 0.416,
    "basic_05_xu": 0.403,
    "basic_06_song": 0.572,
    "basic_07_shi": 0.457,
    "basic_08_bi": 0.46,
    "basic_09_xiao_chu": 0.492,
    "basic_10_li": 0.383
  },
  "card_usage": {
    "basic_01_qian": 132,
    "basic_02_kun": 457,
    "basic_03_tun": 499,
    "basic_04_meng": 451,
    "basic_05_xu": 229,
    "basic_06_song": 456,
    "basic_07_shi": 116,
    "basic_08_bi": 130,
    "basic_09_xiao_chu": 334,
    "basic_10_li": 325
  },
  "avg_game_length": 17.82432225650818,
  "resource_curve": [
    1.1893487412743353,
    1.1536130031014882,
    1.1403885079718317,
    0.9628832108557309,
    1.1138356922651003,
    0.8540953629383015,
    1.08744567191601,
    1.018769678885368,
    0.8817539418016759,
    1.128303083371971
  ]
}